checkpoint,configuration,seed,sample_id,target_text,predicted_text,normalized_target,normalized_prediction,filename,asr_status,asr_seconds,wer,cer,word_accuracy_proxy,character_accuracy_proxy
2500,greedy,3407,1,"नमस्ते, आपका ऑर्डर सफलतापूर्वक भेज दिया गया है।",नमस्ति आपका आजड़िय बहुग घरे दिया गया गया हा।,नमस्ते आपका ऑर्डर सफलतापूर्वक भेज दिया गया है,नमस्ति आपका आजड़िय बहुग घरे दिया गया गया हा,step_2500/greedy/seed_3407/step2500_greedy_seed3407_01_namaste_order_sent.wav,success,1.5857126712799072,0.75,0.5333333333333333,0.25,0.4666666666666667
2500,greedy,3407,2,आपका रिफंड अगले पाँच कार्य दिवसों में आपके खाते में जमा कर दिया जाएगा।,आनका रिल्म धन्नने पांच चकारेदों में आपके खाते में दबे ले जई आई गरे आई।,आपका रिफंड अगले पाँच कार्य दिवसों में आपके खाते में जमा कर दिया जाएगा,आनका रिल्म धन्नने पांच चकारेदों में आपके खाते में दबे ले जई आई गरे आई,step_2500/greedy/seed_3407/step2500_greedy_seed3407_02_refund_status.wav,success,0.7820565700531006,0.8571428571428571,0.4782608695652174,0.1428571428571429,0.5217391304347826
2500,greedy,3407,3,क्या मैं आपकी किसी और सहायता कर सकता हूँ?,क्या मैं आपके किसी और सर अता कर सकूं।,क्या मैं आपकी किसी और सहायता कर सकता हूँ,क्या मैं आपके किसी और सर अता कर सकूं,step_2500/greedy/seed_3407/step2500_greedy_seed3407_03_further_assistance.wav,success,0.5128324031829834,0.5555555555555556,0.225,0.4444444444444444,0.775
2500,greedy,3407,4,धन्यवाद! आपका दिन शुभ हो।,तन्नावाद आपगा दिन शेह है।,धन्यवाद आपका दिन शुभ हो,तन्नावाद आपगा दिन शेह है,step_2500/greedy/seed_3407/step2500_greedy_seed3407_04_thank_you.wav,success,0.4868028163909912,0.8,0.30434782608695654,0.19999999999999996,0.6956521739130435
2500,greedy,3407,5,कृपया अपना ऑर्डर नंबर बताइए।,कुरेपया अपना आडरन मर बठलाई थे।,कृपया अपना ऑर्डर नंबर बताइए,कुरेपया अपना आडरन मर बठलाई थे,step_2500/greedy/seed_3407/step2500_greedy_seed3407_05_order_number.wav,success,0.5231325626373291,1.0,0.5555555555555556,0.0,0.4444444444444444
2500,greedy,4107,1,"नमस्ते, आपका ऑर्डर सफलतापूर्वक भेज दिया गया है।",नमस्ति आपका आजड़िय बहुग घरे दिया गया गया हा।,नमस्ते आपका ऑर्डर सफलतापूर्वक भेज दिया गया है,नमस्ति आपका आजड़िय बहुग घरे दिया गया गया हा,step_2500/greedy/seed_4107/step2500_greedy_seed4107_01_namaste_order_sent.wav,success,0.618302583694458,0.75,0.5333333333333333,0.25,0.4666666666666667
2500,greedy,4107,2,आपका रिफंड अगले पाँच कार्य दिवसों में आपके खाते में जमा कर दिया जाएगा।,आनका रिल्म धन्नने पांच चकारेदों में आपके खाते में दबे ले जई आई गरे आई।,आपका रिफंड अगले पाँच कार्य दिवसों में आपके खाते में जमा कर दिया जाएगा,आनका रिल्म धन्नने पांच चकारेदों में आपके खाते में दबे ले जई आई गरे आई,step_2500/greedy/seed_4107/step2500_greedy_seed4107_02_refund_status.wav,success,0.7860305309295654,0.8571428571428571,0.4782608695652174,0.1428571428571429,0.5217391304347826
2500,greedy,4107,3,क्या मैं आपकी किसी और सहायता कर सकता हूँ?,क्या मैं आपके किसी और सर अता कर सकूं।,क्या मैं आपकी किसी और सहायता कर सकता हूँ,क्या मैं आपके किसी और सर अता कर सकूं,step_2500/greedy/seed_4107/step2500_greedy_seed4107_03_further_assistance.wav,success,0.5271224975585938,0.5555555555555556,0.225,0.4444444444444444,0.775
2500,greedy,4107,4,धन्यवाद! आपका दिन शुभ हो।,तन्नावाद आपगा दिन शेह है।,धन्यवाद आपका दिन शुभ हो,तन्नावाद आपगा दिन शेह है,step_2500/greedy/seed_4107/step2500_greedy_seed4107_04_thank_you.wav,success,0.4865715503692627,0.8,0.30434782608695654,0.19999999999999996,0.6956521739130435
2500,greedy,4107,5,कृपया अपना ऑर्डर नंबर बताइए।,कुरेपया अपना आडरन मर बठलाई थे।,कृपया अपना ऑर्डर नंबर बताइए,कुरेपया अपना आडरन मर बठलाई थे,step_2500/greedy/seed_4107/step2500_greedy_seed4107_05_order_number.wav,success,0.523430347442627,1.0,0.5555555555555556,0.0,0.4444444444444444
2500,greedy,5107,1,"नमस्ते, आपका ऑर्डर सफलतापूर्वक भेज दिया गया है।",नमस्ति आपका आजड़िय बहुग घरे दिया गया गया हा।,नमस्ते आपका ऑर्डर सफलतापूर्वक भेज दिया गया है,नमस्ति आपका आजड़िय बहुग घरे दिया गया गया हा,step_2500/greedy/seed_5107/step2500_greedy_seed5107_01_namaste_order_sent.wav,success,0.6242153644561768,0.75,0.5333333333333333,0.25,0.4666666666666667
2500,greedy,5107,2,आपका रिफंड अगले पाँच कार्य दिवसों में आपके खाते में जमा कर दिया जाएगा।,आनका रिल्म धन्नने पांच चकारेदों में आपके खाते में दबे ले जई आई गरे आई।,आपका रिफंड अगले पाँच कार्य दिवसों में आपके खाते में जमा कर दिया जाएगा,आनका रिल्म धन्नने पांच चकारेदों में आपके खाते में दबे ले जई आई गरे आई,step_2500/greedy/seed_5107/step2500_greedy_seed5107_02_refund_status.wav,success,0.7746434211730957,0.8571428571428571,0.4782608695652174,0.1428571428571429,0.5217391304347826
2500,greedy,5107,3,क्या मैं आपकी किसी और सहायता कर सकता हूँ?,क्या मैं आपके किसी और सर अता कर सकूं।,क्या मैं आपकी किसी और सहायता कर सकता हूँ,क्या मैं आपके किसी और सर अता कर सकूं,step_2500/greedy/seed_5107/step2500_greedy_seed5107_03_further_assistance.wav,success,0.511145830154419,0.5555555555555556,0.225,0.4444444444444444,0.775
2500,greedy,5107,4,धन्यवाद! आपका दिन शुभ हो।,तन्नावाद आपगा दिन शेह है।,धन्यवाद आपका दिन शुभ हो,तन्नावाद आपगा दिन शेह है,step_2500/greedy/seed_5107/step2500_greedy_seed5107_04_thank_you.wav,success,0.48772311210632324,0.8,0.30434782608695654,0.19999999999999996,0.6956521739130435
2500,greedy,5107,5,कृपया अपना ऑर्डर नंबर बताइए।,कुरेपया अपना आडरन मर बठलाई थे।,कृपया अपना ऑर्डर नंबर बताइए,कुरेपया अपना आडरन मर बठलाई थे,step_2500/greedy/seed_5107/step2500_greedy_seed5107_05_order_number.wav,success,0.5329880714416504,1.0,0.5555555555555556,0.0,0.4444444444444444
2500,focused,3407,1,"नमस्ते, आपका ऑर्डर सफलतापूर्वक भेज दिया गया है।",नमस्ति आपका बर्ड रुकोग घरदाप उर्वक भे दिया गया है।,नमस्ते आपका ऑर्डर सफलतापूर्वक भेज दिया गया है,नमस्ति आपका बर्ड रुकोग घरदाप उर्वक भे दिया गया है,step_2500/focused/seed_3407/step2500_focused_seed3407_01_namaste_order_sent.wav,success,0.6548306941986084,0.75,0.3111111111111111,0.25,0.6888888888888889
2500,focused,3407,2,आपका रिफंड अगले पाँच कार्य दिवसों में आपके खाते में जमा कर दिया जाएगा।,आपका रिल्म नरे पांच कार्य दोनु में आपके खाते में दम कर दिया जाएगे गए,आपका रिफंड अगले पाँच कार्य दिवसों में आपके खाते में जमा कर दिया जाएगा,आपका रिल्म नरे पांच कार्य दोनु में आपके खाते में दम कर दिया जाएगे गए,step_2500/focused/seed_3407/step2500_focused_seed3407_02_refund_status.wav,success,0.7488276958465576,0.5,0.2608695652173913,0.5,0.7391304347826086
2500,focused,3407,3,क्या मैं आपकी किसी और सहायता कर सकता हूँ?,क्या मैं आपकी किसी और सार्टा कर सकता हूँ,क्या मैं आपकी किसी और सहायता कर सकता हूँ,क्या मैं आपकी किसी और सार्टा कर सकता हूँ,step_2500/focused/seed_3407/step2500_focused_seed3407_03_further_assistance.wav,success,0.5408651828765869,0.1111111111111111,0.1,0.8888888888888888,0.9
2500,focused,3407,4,धन्यवाद! आपका दिन शुभ हो।,तन रहा आधा देन शावा हत।,धन्यवाद आपका दिन शुभ हो,तन रहा आधा देन शावा हत,step_2500/focused/seed_3407/step2500_focused_seed3407_04_thank_you.wav,success,0.4788045883178711,1.2,0.5217391304347826,0.0,0.4782608695652174
2500,focused,3407,5,कृपया अपना ऑर्डर नंबर बताइए।,पुरिप्या पाकर और मन बर जेज्ट न बतलेक।,कृपया अपना ऑर्डर नंबर बताइए,पुरिप्या पाकर और मन बर जेज्ट न बतलेक,step_2500/focused/seed_3407/step2500_focused_seed3407_05_order_number.wav,success,0.5753090381622314,1.6,0.8888888888888888,0.0,0.11111111111111116
2500,focused,4107,1,"नमस्ते, आपका ऑर्डर सफलतापूर्वक भेज दिया गया है।","नमस्ते, आका और वडुंक, खर दक, उर्वक भेट दिया गया है।",नमस्ते आपका ऑर्डर सफलतापूर्वक भेज दिया गया है,नमस्ते आका और वडुंक खर दक उर्वक भेट दिया गया है,step_2500/focused/seed_4107/step2500_focused_seed4107_01_namaste_order_sent.wav,success,0.6504673957824707,0.875,0.3333333333333333,0.125,0.6666666666666667
2500,focused,4107,2,आपका रिफंड अगले पाँच कार्य दिवसों में आपके खाते में जमा कर दिया जाएगा।,आपका रिल्म करंदे पांच कार्य दोन में आपके खाते में दब़ कर दिया जाएगे।,आपका रिफंड अगले पाँच कार्य दिवसों में आपके खाते में जमा कर दिया जाएगा,आपका रिल्म करंदे पांच कार्य दोन में आपके खाते में दब़ कर दिया जाएगे,step_2500/focused/seed_4107/step2500_focused_seed4107_02_refund_status.wav,success,0.7438793182373047,0.42857142857142855,0.2318840579710145,0.5714285714285714,0.7681159420289855
2500,focused,4107,3,क्या मैं आपकी किसी और सहायता कर सकता हूँ?,क्या मैं आपकी किसी और सरता कर सक हूँ?,क्या मैं आपकी किसी और सहायता कर सकता हूँ,क्या मैं आपकी किसी और सरता कर सक हूँ,step_2500/focused/seed_4107/step2500_focused_seed4107_03_further_assistance.wav,success,0.5225980281829834,0.2222222222222222,0.125,0.7777777777777778,0.875
2500,focused,4107,4,धन्यवाद! आपका दिन शुभ हो।,धन्नाबाद आपका दिन शरहिट है।,धन्यवाद आपका दिन शुभ हो,धन्नाबाद आपका दिन शरहिट है,step_2500/focused/seed_4107/step2500_focused_seed4107_04_thank_you.wav,success,0.5151534080505371,0.6,0.34782608695652173,0.4,0.6521739130434783
2500,focused,4107,5,कृपया अपना ऑर्डर नंबर बताइए।,कुरप्याहाद दामपारदर नंबर बठलाईक।,कृपया अपना ऑर्डर नंबर बताइए,कुरप्याहाद दामपारदर नंबर बठलाईक,step_2500/focused/seed_4107/step2500_focused_seed4107_05_order_number.wav,success,0.5949082374572754,0.8,0.6296296296296297,0.19999999999999996,0.37037037037037035
2500,focused,5107,1,"नमस्ते, आपका ऑर्डर सफलतापूर्वक भेज दिया गया है।",नमस्ती अपका दर्व जड़ गरदाप उर्वक बेदिया गया है।,नमस्ते आपका ऑर्डर सफलतापूर्वक भेज दिया गया है,नमस्ती अपका दर्व जड़ गरदाप उर्वक बेदिया गया है,step_2500/focused/seed_5107/step2500_focused_seed5107_01_namaste_order_sent.wav,success,0.6590688228607178,0.875,0.35555555555555557,0.125,0.6444444444444444
2500,focused,5107,2,आपका रिफंड अगले पाँच कार्य दिवसों में आपके खाते में जमा कर दिया जाएगा।,अगार रिल्म दरने पांच कारेदों में आपके खाते में दमार कर दिया जाएगे बे।,आपका रिफंड अगले पाँच कार्य दिवसों में आपके खाते में जमा कर दिया जाएगा,अगार रिल्म दरने पांच कारेदों में आपके खाते में दमार कर दिया जाएगे बे,step_2500/focused/seed_5107/step2500_focused_seed5107_02_refund_status.wav,success,0.7617847919464111,0.6428571428571429,0.3333333333333333,0.3571428571428571,0.6666666666666667
2500,focused,5107,3,क्या मैं आपकी किसी और सहायता कर सकता हूँ?,क्या मैं आपकी किसी और सर्याटा कर सक हूँ?,क्या मैं आपकी किसी और सहायता कर सकता हूँ,क्या मैं आपकी किसी और सर्याटा कर सक हूँ,step_2500/focused/seed_5107/step2500_focused_seed5107_03_further_assistance.wav,success,0.5405688285827637,0.2222222222222222,0.15,0.7777777777777778,0.85
2500,focused,5107,4,धन्यवाद! आपका दिन शुभ हो।,धन्नाई आताइठ धिन्शौर है।,धन्यवाद आपका दिन शुभ हो,धन्नाई आताइठ धिन्शौर है,step_2500/focused/seed_5107/step2500_focused_seed5107_04_thank_you.wav,success,0.4942302703857422,1.0,0.5217391304347826,0.0,0.4782608695652174
2500,focused,5107,5,कृपया अपना ऑर्डर नंबर बताइए।,करियप या अपना आजर नंबर बलाई थे।,कृपया अपना ऑर्डर नंबर बताइए,करियप या अपना आजर नंबर बलाई थे,step_2500/focused/seed_5107/step2500_focused_seed5107_05_order_number.wav,success,0.5391645431518555,1.0,0.48148148148148145,0.0,0.5185185185185186
2500,moderate,3407,1,"नमस्ते, आपका ऑर्डर सफलतापूर्वक भेज दिया गया है।",नमसिदी आपका अड़र्ट अध्यापूर्वक बेजीर दिया गया है।,नमस्ते आपका ऑर्डर सफलतापूर्वक भेज दिया गया है,नमसिदी आपका अड़र्ट अध्यापूर्वक बेजीर दिया गया है,step_2500/moderate/seed_3407/step2500_moderate_seed3407_01_namaste_order_sent.wav,success,0.6875209808349609,0.5,0.3333333333333333,0.5,0.6666666666666667
2500,moderate,3407,2,आपका रिफंड अगले पाँच कार्य दिवसों में आपके खाते में जमा कर दिया जाएगा।,आकारेशन धरी पांच कार्यों देडों में आके खाते में दवा कर दिया जैयान तै,आपका रिफंड अगले पाँच कार्य दिवसों में आपके खाते में जमा कर दिया जाएगा,आकारेशन धरी पांच कार्यों देडों में आके खाते में दवा कर दिया जैयान तै,step_2500/moderate/seed_3407/step2500_moderate_seed3407_02_refund_status.wav,success,0.7217333316802979,0.7142857142857143,0.36231884057971014,0.2857142857142857,0.6376811594202898
2500,moderate,3407,3,क्या मैं आपकी किसी और सहायता कर सकता हूँ?,क्या मैं आपकी किसी और सर हता कर सक हूँ।,क्या मैं आपकी किसी और सहायता कर सकता हूँ,क्या मैं आपकी किसी और सर हता कर सक हूँ,step_2500/moderate/seed_3407/step2500_moderate_seed3407_03_further_assistance.wav,success,0.5227460861206055,0.3333333333333333,0.125,0.6666666666666667,0.875
2500,moderate,3407,4,धन्यवाद! आपका दिन शुभ हो।,तन तन पाद आया पदिन्शेह थे।,धन्यवाद आपका दिन शुभ हो,तन तन पाद आया पदिन्शेह थे,step_2500/moderate/seed_3407/step2500_moderate_seed3407_04_thank_you.wav,success,0.4981558322906494,1.2,0.6086956521739131,0.0,0.3913043478260869
2500,moderate,3407,5,कृपया अपना ऑर्डर नंबर बताइए।,कर पिया अपना आपना दन्मार बदलेब।,कृपया अपना ऑर्डर नंबर बताइए,कर पिया अपना आपना दन्मार बदलेब,step_2500/moderate/seed_3407/step2500_moderate_seed3407_05_order_number.wav,success,0.5300605297088623,1.0,0.5925925925925926,0.0,0.40740740740740744
2500,moderate,4107,1,"नमस्ते, आपका ऑर्डर सफलतापूर्वक भेज दिया गया है।",नमसे आपका आर्बर फ्रुक भुर्वगों की धिया गया है।,नमस्ते आपका ऑर्डर सफलतापूर्वक भेज दिया गया है,नमसे आपका आर्बर फ्रुक भुर्वगों की धिया गया है,step_2500/moderate/seed_4107/step2500_moderate_seed4107_01_namaste_order_sent.wav,success,0.624661922454834,0.75,0.4222222222222222,0.25,0.5777777777777777
2500,moderate,4107,2,आपका रिफंड अगले पाँच कार्य दिवसों में आपके खाते में जमा कर दिया जाएगा।,आतकारेल मनललम बिये पांच कार्य दोनों में आपके खाते में तबा कर दिया जाए गए।,आपका रिफंड अगले पाँच कार्य दिवसों में आपके खाते में जमा कर दिया जाएगा,आतकारेल मनललम बिये पांच कार्य दोनों में आपके खाते में तबा कर दिया जाए गए,step_2500/moderate/seed_4107/step2500_moderate_seed4107_02_refund_status.wav,success,0.7498462200164795,0.5714285714285714,0.2898550724637681,0.4285714285714286,0.7101449275362319
2500,moderate,4107,3,क्या मैं आपकी किसी और सहायता कर सकता हूँ?,क्या मैप की किसी और सर अताकर सा हूँ,क्या मैं आपकी किसी और सहायता कर सकता हूँ,क्या मैप की किसी और सर अताकर सा हूँ,step_2500/moderate/seed_4107/step2500_moderate_seed4107_03_further_assistance.wav,success,0.5161824226379395,0.5555555555555556,0.225,0.4444444444444444,0.775
2500,moderate,4107,4,धन्यवाद! आपका दिन शुभ हो।,धर्ना आधा दिन शहे।,धन्यवाद आपका दिन शुभ हो,धर्ना आधा दिन शहे,step_2500/moderate/seed_4107/step2500_moderate_seed4107_04_thank_you.wav,success,0.429868221282959,0.8,0.43478260869565216,0.19999999999999996,0.5652173913043479
2500,moderate,4107,5,कृपया अपना ऑर्डर नंबर बताइए।,कुरपिया अपना आडर नाम बढ़ बियो छबे।,कृपया अपना ऑर्डर नंबर बताइए,कुरपिया अपना आडर नाम बढ़ बियो छबे,step_2500/moderate/seed_4107/step2500_moderate_seed4107_05_order_number.wav,success,0.5536379814147949,1.2,0.6666666666666666,0.0,0.33333333333333337
2500,moderate,5107,1,"नमस्ते, आपका ऑर्डर सफलतापूर्वक भेज दिया गया है।",नमस्ति आपका अर्डिर घर वेता पूर्वग बेद दिया गया है।,नमस्ते आपका ऑर्डर सफलतापूर्वक भेज दिया गया है,नमस्ति आपका अर्डिर घर वेता पूर्वग बेद दिया गया है,step_2500/moderate/seed_5107/step2500_moderate_seed5107_01_namaste_order_sent.wav,success,0.6528670787811279,0.75,0.26666666666666666,0.25,0.7333333333333334
2500,moderate,5107,2,आपका रिफंड अगले पाँच कार्य दिवसों में आपके खाते में जमा कर दिया जाएगा।,आपकारिध हिल दरे पांच कारिधोनों में आपके खर्यते में दापर दिया जियाईव।,आपका रिफंड अगले पाँच कार्य दिवसों में आपके खाते में जमा कर दिया जाएगा,आपकारिध हिल दरे पांच कारिधोनों में आपके खर्यते में दापर दिया जियाईव,step_2500/moderate/seed_5107/step2500_moderate_seed5107_02_refund_status.wav,success,0.7611563205718994,0.7142857142857143,0.42028985507246375,0.2857142857142857,0.5797101449275363
2500,moderate,5107,3,क्या मैं आपकी किसी और सहायता कर सकता हूँ?,क्या मा मैं आपकी किसी और सरव्ब्र कर सकता हूँ,क्या मैं आपकी किसी और सहायता कर सकता हूँ,क्या मा मैं आपकी किसी और सरव्ब्र कर सकता हूँ,step_2500/moderate/seed_5107/step2500_moderate_seed5107_03_further_assistance.wav,success,0.5546703338623047,0.2222222222222222,0.225,0.7777777777777778,0.775
2500,moderate,5107,4,धन्यवाद! आपका दिन शुभ हो।,धन्ठाइड आपका दिन शल्व होड़।,धन्यवाद आपका दिन शुभ हो,धन्ठाइड आपका दिन शल्व होड़,step_2500/moderate/seed_5107/step2500_moderate_seed5107_04_thank_you.wav,success,0.5170252323150635,0.6,0.391304347826087,0.4,0.6086956521739131
2500,moderate,5107,5,कृपया अपना ऑर्डर नंबर बताइए।,कुर्प्या अपना आडर्ड नमर बदलाई थे,कृपया अपना ऑर्डर नंबर बताइए,कुर्प्या अपना आडर्ड नमर बदलाई थे,step_2500/moderate/seed_5107/step2500_moderate_seed5107_05_order_number.wav,success,0.5412018299102783,1.0,0.5555555555555556,0.0,0.4444444444444444
2750,greedy,3407,1,"नमस्ते, आपका ऑर्डर सफलतापूर्वक भेज दिया गया है।",नमस्ति आपका आबड एज़क करताप उर्वक भे दिया गया है।,नमस्ते आपका ऑर्डर सफलतापूर्वक भेज दिया गया है,नमस्ति आपका आबड एज़क करताप उर्वक भे दिया गया है,step_2750/greedy/seed_3407/step2750_greedy_seed3407_01_namaste_order_sent.wav,success,0.6457850933074951,0.75,0.3333333333333333,0.25,0.6666666666666667
2750,greedy,3407,2,आपका रिफंड अगले पाँच कार्य दिवसों में आपके खाते में जमा कर दिया जाएगा।,आपका रुम दरनाई पांच कार्य धो में आपके खाते में धमा कर दिया जाई वे।,आपका रिफंड अगले पाँच कार्य दिवसों में आपके खाते में जमा कर दिया जाएगा,आपका रुम दरनाई पांच कार्य धो में आपके खाते में धमा कर दिया जाई वे,step_2750/greedy/seed_3407/step2750_greedy_seed3407_02_refund_status.wav,success,0.7270419597625732,0.5,0.2898550724637681,0.5,0.7101449275362319
2750,greedy,3407,3,क्या मैं आपकी किसी और सहायता कर सकता हूँ?,क्या मैं अपकी किसी और सर इता कर सकता हूँ,क्या मैं आपकी किसी और सहायता कर सकता हूँ,क्या मैं अपकी किसी और सर इता कर सकता हूँ,step_2750/greedy/seed_3407/step2750_greedy_seed3407_03_further_assistance.wav,success,0.5256478786468506,0.3333333333333333,0.1,0.6666666666666667,0.9
2750,greedy,3407,4,धन्यवाद! आपका दिन शुभ हो।,तन्न आद आपका दिन शाल है।,धन्यवाद आपका दिन शुभ हो,तन्न आद आपका दिन शाल है,step_2750/greedy/seed_3407/step2750_greedy_seed3407_04_thank_you.wav,success,0.45700979232788086,0.8,0.30434782608695654,0.19999999999999996,0.6956521739130435
2750,greedy,3407,5,कृपया अपना ऑर्डर नंबर बताइए।,कर्प्या पत्ना पर दर्दनाम बर्बत लिया भे।,कृपया अपना ऑर्डर नंबर बताइए,कर्प्या पत्ना पर दर्दनाम बर्बत लिया भे,step_2750/greedy/seed_3407/step2750_greedy_seed3407_05_order_number.wav,success,0.5562999248504639,1.4,0.8148148148148148,0.0,0.18518518518518523
2750,greedy,4107,1,"नमस्ते, आपका ऑर्डर सफलतापूर्वक भेज दिया गया है।",नमस्ति आपका आबड एज़क करताप उर्वक भे दिया गया है।,नमस्ते आपका ऑर्डर सफलतापूर्वक भेज दिया गया है,नमस्ति आपका आबड एज़क करताप उर्वक भे दिया गया है,step_2750/greedy/seed_4107/step2750_greedy_seed4107_01_namaste_order_sent.wav,success,0.6411445140838623,0.75,0.3333333333333333,0.25,0.6666666666666667
2750,greedy,4107,2,आपका रिफंड अगले पाँच कार्य दिवसों में आपके खाते में जमा कर दिया जाएगा।,आपका रुम दरनाई पांच कार्य धो में आपके खाते में धमा कर दिया जाई वे।,आपका रिफंड अगले पाँच कार्य दिवसों में आपके खाते में जमा कर दिया जाएगा,आपका रुम दरनाई पांच कार्य धो में आपके खाते में धमा कर दिया जाई वे,step_2750/greedy/seed_4107/step2750_greedy_seed4107_02_refund_status.wav,success,0.7308332920074463,0.5,0.2898550724637681,0.5,0.7101449275362319
2750,greedy,4107,3,क्या मैं आपकी किसी और सहायता कर सकता हूँ?,क्या मैं अपकी किसी और सर इता कर सकता हूँ,क्या मैं आपकी किसी और सहायता कर सकता हूँ,क्या मैं अपकी किसी और सर इता कर सकता हूँ,step_2750/greedy/seed_4107/step2750_greedy_seed4107_03_further_assistance.wav,success,0.515350341796875,0.3333333333333333,0.1,0.6666666666666667,0.9
2750,greedy,4107,4,धन्यवाद! आपका दिन शुभ हो।,तन्न आद आपका दिन शाल है।,धन्यवाद आपका दिन शुभ हो,तन्न आद आपका दिन शाल है,step_2750/greedy/seed_4107/step2750_greedy_seed4107_04_thank_you.wav,success,0.4537644386291504,0.8,0.30434782608695654,0.19999999999999996,0.6956521739130435
2750,greedy,4107,5,कृपया अपना ऑर्डर नंबर बताइए।,कर्प्या पत्ना पर दर्दनाम बर्बत लिया भे।,कृपया अपना ऑर्डर नंबर बताइए,कर्प्या पत्ना पर दर्दनाम बर्बत लिया भे,step_2750/greedy/seed_4107/step2750_greedy_seed4107_05_order_number.wav,success,0.5460169315338135,1.4,0.8148148148148148,0.0,0.18518518518518523
2750,greedy,5107,1,"नमस्ते, आपका ऑर्डर सफलतापूर्वक भेज दिया गया है।",नमस्ति आपका आबड एज़क करताप उर्वक भे दिया गया है।,नमस्ते आपका ऑर्डर सफलतापूर्वक भेज दिया गया है,नमस्ति आपका आबड एज़क करताप उर्वक भे दिया गया है,step_2750/greedy/seed_5107/step2750_greedy_seed5107_01_namaste_order_sent.wav,success,0.6250762939453125,0.75,0.3333333333333333,0.25,0.6666666666666667
2750,greedy,5107,2,आपका रिफंड अगले पाँच कार्य दिवसों में आपके खाते में जमा कर दिया जाएगा।,आपका रुम दरनाई पांच कार्य धो में आपके खाते में धमा कर दिया जाई वे।,आपका रिफंड अगले पाँच कार्य दिवसों में आपके खाते में जमा कर दिया जाएगा,आपका रुम दरनाई पांच कार्य धो में आपके खाते में धमा कर दिया जाई वे,step_2750/greedy/seed_5107/step2750_greedy_seed5107_02_refund_status.wav,success,0.7268962860107422,0.5,0.2898550724637681,0.5,0.7101449275362319
2750,greedy,5107,3,क्या मैं आपकी किसी और सहायता कर सकता हूँ?,क्या मैं अपकी किसी और सर इता कर सकता हूँ,क्या मैं आपकी किसी और सहायता कर सकता हूँ,क्या मैं अपकी किसी और सर इता कर सकता हूँ,step_2750/greedy/seed_5107/step2750_greedy_seed5107_03_further_assistance.wav,success,0.5321938991546631,0.3333333333333333,0.1,0.6666666666666667,0.9
2750,greedy,5107,4,धन्यवाद! आपका दिन शुभ हो।,तन्न आद आपका दिन शाल है।,धन्यवाद आपका दिन शुभ हो,तन्न आद आपका दिन शाल है,step_2750/greedy/seed_5107/step2750_greedy_seed5107_04_thank_you.wav,success,0.46593499183654785,0.8,0.30434782608695654,0.19999999999999996,0.6956521739130435
2750,greedy,5107,5,कृपया अपना ऑर्डर नंबर बताइए।,कर्प्या पत्ना पर दर्दनाम बर्बत लिया भे।,कृपया अपना ऑर्डर नंबर बताइए,कर्प्या पत्ना पर दर्दनाम बर्बत लिया भे,step_2750/greedy/seed_5107/step2750_greedy_seed5107_05_order_number.wav,success,0.5483417510986328,1.4,0.8148148148148148,0.0,0.18518518518518523
2750,focused,3407,1,"नमस्ते, आपका ऑर्डर सफलतापूर्वक भेज दिया गया है।",नमसिटी आपका आकर वर्विर्क घर वप वंग भी दिया गया है।,नमस्ते आपका ऑर्डर सफलतापूर्वक भेज दिया गया है,नमसिटी आपका आकर वर्विर्क घर वप वंग भी दिया गया है,step_2750/focused/seed_3407/step2750_focused_seed3407_01_namaste_order_sent.wav,success,0.6307206153869629,0.875,0.5111111111111111,0.125,0.48888888888888893
2750,focused,3407,2,आपका रिफंड अगले पाँच कार्य दिवसों में आपके खाते में जमा कर दिया जाएगा।,आपका रेल मवज जनव चकार्य दो जो में आपके खाते में दवा कर दिया जएगे।,आपका रिफंड अगले पाँच कार्य दिवसों में आपके खाते में जमा कर दिया जाएगा,आपका रेल मवज जनव चकार्य दो जो में आपके खाते में दवा कर दिया जएगे,step_2750/focused/seed_3407/step2750_focused_seed3407_02_refund_status.wav,success,0.7077798843383789,0.5714285714285714,0.30434782608695654,0.4285714285714286,0.6956521739130435
2750,focused,3407,3,क्या मैं आपकी किसी और सहायता कर सकता हूँ?,क्या मैं आपकी किसी और सरिता कर सक हूँ।,क्या मैं आपकी किसी और सहायता कर सकता हूँ,क्या मैं आपकी किसी और सरिता कर सक हूँ,step_2750/focused/seed_3407/step2750_focused_seed3407_03_further_assistance.wav,success,0.5115091800689697,0.2222222222222222,0.125,0.7777777777777778,0.875
2750,focused,3407,4,धन्यवाद! आपका दिन शुभ हो।,तन्चवाद आपका दिन शेर है थे।,धन्यवाद आपका दिन शुभ हो,तन्चवाद आपका दिन शेर है थे,step_2750/focused/seed_3407/step2750_focused_seed3407_04_thank_you.wav,success,0.4815537929534912,0.8,0.34782608695652173,0.19999999999999996,0.6521739130434783
2750,focused,3407,5,कृपया अपना ऑर्डर नंबर बताइए।,कुरेपिया अपना आद्रड नमबर ने अबाईये।,कृपया अपना ऑर्डर नंबर बताइए,कुरेपिया अपना आद्रड नमबर ने अबाईये,step_2750/focused/seed_3407/step2750_focused_seed3407_05_order_number.wav,success,0.5579569339752197,1.0,0.6296296296296297,0.0,0.37037037037037035
2750,focused,4107,1,"नमस्ते, आपका ऑर्डर सफलतापूर्वक भेज दिया गया है।",नमस्ती आपका अबरोवर करदपूर्वग भेजिया गया हिये।,नमस्ते आपका ऑर्डर सफलतापूर्वक भेज दिया गया है,नमस्ती आपका अबरोवर करदपूर्वग भेजिया गया हिये,step_2750/focused/seed_4107/step2750_focused_seed4107_01_namaste_order_sent.wav,success,0.621535062789917,0.75,0.35555555555555557,0.25,0.6444444444444444
2750,focused,4107,2,आपका रिफंड अगले पाँच कार्य दिवसों में आपके खाते में जमा कर दिया जाएगा।,आपका रिंपने पांच कार्य दगव में आपके खते में दबा कर दिया जाई वे।,आपका रिफंड अगले पाँच कार्य दिवसों में आपके खाते में जमा कर दिया जाएगा,आपका रिंपने पांच कार्य दगव में आपके खते में दबा कर दिया जाई वे,step_2750/focused/seed_4107/step2750_focused_seed4107_02_refund_status.wav,success,0.6974751949310303,0.5714285714285714,0.2608695652173913,0.4285714285714286,0.7391304347826086
2750,focused,4107,3,क्या मैं आपकी किसी और सहायता कर सकता हूँ?,क्या मैं आपकी किसी और सरहरता कर सक हूँ?,क्या मैं आपकी किसी और सहायता कर सकता हूँ,क्या मैं आपकी किसी और सरहरता कर सक हूँ,step_2750/focused/seed_4107/step2750_focused_seed4107_03_further_assistance.wav,success,0.5078005790710449,0.2222222222222222,0.125,0.7777777777777778,0.875
2750,focused,4107,4,धन्यवाद! आपका दिन शुभ हो।,तंड़हाद आद दंच शान हैं।,धन्यवाद आपका दिन शुभ हो,तंड़हाद आद दंच शान हैं,step_2750/focused/seed_4107/step2750_focused_seed4107_04_thank_you.wav,success,0.4749431610107422,1.0,0.6086956521739131,0.0,0.3913043478260869
2750,focused,4107,5,कृपया अपना ऑर्डर नंबर बताइए।,करपियाप अपना अपरन मर ब्रहले पैं,कृपया अपना ऑर्डर नंबर बताइए,करपियाप अपना अपरन मर ब्रहले पैं,step_2750/focused/seed_4107/step2750_focused_seed4107_05_order_number.wav,success,0.4931046962738037,1.0,0.6666666666666666,0.0,0.33333333333333337
2750,focused,5107,1,"नमस्ते, आपका ऑर्डर सफलतापूर्वक भेज दिया गया है।",नमस्ति आपका आवरंशो कर्ज कर्ज कुछ भेट दिया गया है।,नमस्ते आपका ऑर्डर सफलतापूर्वक भेज दिया गया है,नमस्ति आपका आवरंशो कर्ज कर्ज कुछ भेट दिया गया है,step_2750/focused/seed_5107/step2750_focused_seed5107_01_namaste_order_sent.wav,success,0.6128530502319336,0.75,0.4,0.25,0.6
2750,focused,5107,2,आपका रिफंड अगले पाँच कार्य दिवसों में आपके खाते में जमा कर दिया जाएगा।,आपका रिफ तरलम नरे पांट कार्य दुमिया आमिना के खाते में धवा कर दिया जाईये गई,आपका रिफंड अगले पाँच कार्य दिवसों में आपके खाते में जमा कर दिया जाएगा,आपका रिफ तरलम नरे पांट कार्य दुमिया आमिना के खाते में धवा कर दिया जाईये गई,step_2750/focused/seed_5107/step2750_focused_seed5107_02_refund_status.wav,success,0.7481555938720703,0.7142857142857143,0.4057971014492754,0.2857142857142857,0.5942028985507246
2750,focused,5107,3,क्या मैं आपकी किसी और सहायता कर सकता हूँ?,क्या मैं आपकी किसी और सरशर्टा कर साखूं।,क्या मैं आपकी किसी और सहायता कर सकता हूँ,क्या मैं आपकी किसी और सरशर्टा कर साखूं,step_2750/focused/seed_5107/step2750_focused_seed5107_03_further_assistance.wav,success,0.5183930397033691,0.3333333333333333,0.25,0.6666666666666667,0.75
2750,focused,5107,4,धन्यवाद! आपका दिन शुभ हो।,धन्चाई आधा दिन शैर है।,धन्यवाद आपका दिन शुभ हो,धन्चाई आधा दिन शैर है,step_2750/focused/seed_5107/step2750_focused_seed5107_04_thank_you.wav,success,0.45520853996276855,0.8,0.34782608695652173,0.19999999999999996,0.6521739130434783
2750,focused,5107,5,कृपया अपना ऑर्डर नंबर बताइए।,कुरियप प्या अपना आद्धर्म बर्दल्लाम बर्दाईये के।,कृपया अपना ऑर्डर नंबर बताइए,कुरियप प्या अपना आद्धर्म बर्दल्लाम बर्दाईये के,step_2750/focused/seed_5107/step2750_focused_seed5107_05_order_number.wav,success,0.6267585754394531,1.2,1.0740740740740742,0.0,0.0
2750,moderate,3407,1,"नमस्ते, आपका ऑर्डर सफलतापूर्वक भेज दिया गया है।",नमस्ती आपका अपरविर्टर्जक पूर्वक बीजे दिया गया है।,नमस्ते आपका ऑर्डर सफलतापूर्वक भेज दिया गया है,नमस्ती आपका अपरविर्टर्जक पूर्वक बीजे दिया गया है,step_2750/moderate/seed_3407/step2750_moderate_seed3407_01_namaste_order_sent.wav,success,0.7003061771392822,0.5,0.3333333333333333,0.5,0.6666666666666667
2750,moderate,3407,2,आपका रिफंड अगले पाँच कार्य दिवसों में आपके खाते में जमा कर दिया जाएगा।,आपका रिवर्जन अभिहंड कारियर जड़ु में आके खाते में दमा कर दिया जाईब है।,आपका रिफंड अगले पाँच कार्य दिवसों में आपके खाते में जमा कर दिया जाएगा,आपका रिवर्जन अभिहंड कारियर जड़ु में आके खाते में दमा कर दिया जाईब है,step_2750/moderate/seed_3407/step2750_moderate_seed3407_02_refund_status.wav,success,0.7813034057617188,0.6428571428571429,0.4057971014492754,0.3571428571428571,0.5942028985507246
2750,moderate,3407,3,क्या मैं आपकी किसी और सहायता कर सकता हूँ?,क्या मैं आपकी किसी और सर्शा रिता कर सकता हूँ।,क्या मैं आपकी किसी और सहायता कर सकता हूँ,क्या मैं आपकी किसी और सर्शा रिता कर सकता हूँ,step_2750/moderate/seed_3407/step2750_moderate_seed3407_03_further_assistance.wav,success,0.5649070739746094,0.2222222222222222,0.15,0.7777777777777778,0.85
2750,moderate,3407,4,धन्यवाद! आपका दिन शुभ हो।,भर्नाद आद एप अदेन शेर है।,धन्यवाद आपका दिन शुभ हो,भर्नाद आद एप अदेन शेर है,step_2750/moderate/seed_3407/step2750_moderate_seed3407_04_thank_you.wav,success,0.4655027389526367,1.2,0.5652173913043478,0.0,0.4347826086956522
2750,moderate,3407,5,कृपया अपना ऑर्डर नंबर बताइए।,कुरिपिया अपना अबड ब्रणा मदले हगे।,कृपया अपना ऑर्डर नंबर बताइए,कुरिपिया अपना अबड ब्रणा मदले हगे,step_2750/moderate/seed_3407/step2750_moderate_seed3407_05_order_number.wav,success,0.528435468673706,1.0,0.7777777777777778,0.0,0.2222222222222222
2750,moderate,4107,1,"नमस्ते, आपका ऑर्डर सफलतापूर्वक भेज दिया गया है।",नम से आपका आबर डोनरगर गोब वे दिया गया है।,नमस्ते आपका ऑर्डर सफलतापूर्वक भेज दिया गया है,नम से आपका आबर डोनरगर गोब वे दिया गया है,step_2750/moderate/seed_4107/step2750_moderate_seed4107_01_namaste_order_sent.wav,success,0.5520048141479492,0.75,0.4444444444444444,0.25,0.5555555555555556
2750,moderate,4107,2,आपका रिफंड अगले पाँच कार्य दिवसों में आपके खाते में जमा कर दिया जाएगा।,आपका रुविल मनदे पांच कारिदव में आपके खोचे में दवा कर दिया जैगाई ही।,आपका रिफंड अगले पाँच कार्य दिवसों में आपके खाते में जमा कर दिया जाएगा,आपका रुविल मनदे पांच कारिदव में आपके खोचे में दवा कर दिया जैगाई ही,step_2750/moderate/seed_4107/step2750_moderate_seed4107_02_refund_status.wav,success,0.7318675518035889,0.6428571428571429,0.36231884057971014,0.3571428571428571,0.6376811594202898
2750,moderate,4107,3,क्या मैं आपकी किसी और सहायता कर सकता हूँ?,क्या मैं आपकी किसी और सर बता कर सकता हूँ?,क्या मैं आपकी किसी और सहायता कर सकता हूँ,क्या मैं आपकी किसी और सर बता कर सकता हूँ,step_2750/moderate/seed_4107/step2750_moderate_seed4107_03_further_assistance.wav,success,0.5058858394622803,0.2222222222222222,0.075,0.7777777777777778,0.925
2750,moderate,4107,4,धन्यवाद! आपका दिन शुभ हो।,थन्ड़हाद आधाद इन्शाधूत।,धन्यवाद आपका दिन शुभ हो,थन्ड़हाद आधाद इन्शाधूत,step_2750/moderate/seed_4107/step2750_moderate_seed4107_04_thank_you.wav,success,0.47720885276794434,1.0,0.6521739130434783,0.0,0.34782608695652173
2750,moderate,4107,5,कृपया अपना ऑर्डर नंबर बताइए।,करप्य हापना अपर नमबर बज लेप पाई,कृपया अपना ऑर्डर नंबर बताइए,करप्य हापना अपर नमबर बज लेप पाई,step_2750/moderate/seed_4107/step2750_moderate_seed4107_05_order_number.wav,success,0.5008890628814697,1.4,0.7037037037037037,0.0,0.2962962962962963
2750,moderate,5107,1,"नमस्ते, आपका ऑर्डर सफलतापूर्वक भेज दिया गया है।",नमसिटे आकात आरदर्भे चरंग खरबोग भेट दिया गया है।,नमस्ते आपका ऑर्डर सफलतापूर्वक भेज दिया गया है,नमसिटे आकात आरदर्भे चरंग खरबोग भेट दिया गया है,step_2750/moderate/seed_5107/step2750_moderate_seed5107_01_namaste_order_sent.wav,success,0.626427412033081,0.75,0.4444444444444444,0.25,0.5555555555555556
2750,moderate,5107,2,आपका रिफंड अगले पाँच कार्य दिवसों में आपके खाते में जमा कर दिया जाएगा।,अकर रिफ तन्नर रे पांच कार्ड ये दुनों में आपके खाते में दमा कर दिया जाएक।,आपका रिफंड अगले पाँच कार्य दिवसों में आपके खाते में जमा कर दिया जाएगा,अकर रिफ तन्नर रे पांच कार्ड ये दुनों में आपके खाते में दमा कर दिया जाएक,step_2750/moderate/seed_5107/step2750_moderate_seed5107_02_refund_status.wav,success,0.7461109161376953,0.7142857142857143,0.30434782608695654,0.2857142857142857,0.6956521739130435
2750,moderate,5107,3,क्या मैं आपकी किसी और सहायता कर सकता हूँ?,क्या मैं आपकी किसी और सरगारकर साखूं।,क्या मैं आपकी किसी और सहायता कर सकता हूँ,क्या मैं आपकी किसी और सरगारकर साखूं,step_2750/moderate/seed_5107/step2750_moderate_seed5107_03_further_assistance.wav,success,0.510023832321167,0.4444444444444444,0.25,0.5555555555555556,0.75
2750,moderate,5107,4,धन्यवाद! आपका दिन शुभ हो।,धानामाद आपा दिन शाधे।,धन्यवाद आपका दिन शुभ हो,धानामाद आपा दिन शाधे,step_2750/moderate/seed_5107/step2750_moderate_seed5107_04_thank_you.wav,success,0.4404590129852295,0.8,0.43478260869565216,0.19999999999999996,0.5652173913043479
2750,moderate,5107,5,कृपया अपना ऑर्डर नंबर बताइए।,कुरिया प्रण्डाइबर ये डर्ण नंबर बतलाईब बै,कृपया अपना ऑर्डर नंबर बताइए,कुरिया प्रण्डाइबर ये डर्ण नंबर बतलाईब बै,step_2750/moderate/seed_5107/step2750_moderate_seed5107_05_order_number.wav,success,0.5757870674133301,1.2,0.8518518518518519,0.0,0.14814814814814814
3000,greedy,3407,1,"नमस्ते, आपका ऑर्डर सफलतापूर्वक भेज दिया गया है।",नमस्ति आपका अड़ोगर करजंकर कुब भेजी दिया गया है।,नमस्ते आपका ऑर्डर सफलतापूर्वक भेज दिया गया है,नमस्ति आपका अड़ोगर करजंकर कुब भेजी दिया गया है,step_3000/greedy/seed_3407/step3000_greedy_seed3407_01_namaste_order_sent.wav,success,0.6068577766418457,0.625,0.4,0.375,0.6
3000,greedy,3407,2,आपका रिफंड अगले पाँच कार्य दिवसों में आपके खाते में जमा कर दिया जाएगा।,आपका रिफरिम जनी पांच कार्यदों में आके खाते में दमा कर दिया जाएगे।,आपका रिफंड अगले पाँच कार्य दिवसों में आपके खाते में जमा कर दिया जाएगा,आपका रिफरिम जनी पांच कार्यदों में आके खाते में दमा कर दिया जाएगे,step_3000/greedy/seed_3407/step3000_greedy_seed3407_02_refund_status.wav,success,0.7063212394714355,0.5714285714285714,0.21739130434782608,0.4285714285714286,0.782608695652174
3000,greedy,3407,3,क्या मैं आपकी किसी और सहायता कर सकता हूँ?,क्या मैं आपकी किसी और सर अता कर सक्षाँ।,क्या मैं आपकी किसी और सहायता कर सकता हूँ,क्या मैं आपकी किसी और सर अता कर सक्षाँ,step_3000/greedy/seed_3407/step3000_greedy_seed3407_03_further_assistance.wav,success,0.5340251922607422,0.4444444444444444,0.2,0.5555555555555556,0.8
3000,greedy,3407,4,धन्यवाद! आपका दिन शुभ हो।,तन्नावाद आपका दिन शारह।,धन्यवाद आपका दिन शुभ हो,तन्नावाद आपका दिन शारह,step_3000/greedy/seed_3407/step3000_greedy_seed3407_04_thank_you.wav,success,0.4554634094238281,0.6,0.30434782608695654,0.4,0.6956521739130435
3000,greedy,3407,5,कृपया अपना ऑर्डर नंबर बताइए।,करेप या अपना आबढण नंबर बदलेवय चे।,कृपया अपना ऑर्डर नंबर बताइए,करेप या अपना आबढण नंबर बदलेवय चे,step_3000/greedy/seed_3407/step3000_greedy_seed3407_05_order_number.wav,success,0.53916335105896,1.0,0.5925925925925926,0.0,0.40740740740740744
3000,greedy,4107,1,"नमस्ते, आपका ऑर्डर सफलतापूर्वक भेज दिया गया है।",नमस्ति आपका अड़ोगर करजंकर कुब भेजी दिया गया है।,नमस्ते आपका ऑर्डर सफलतापूर्वक भेज दिया गया है,नमस्ति आपका अड़ोगर करजंकर कुब भेजी दिया गया है,step_3000/greedy/seed_4107/step3000_greedy_seed4107_01_namaste_order_sent.wav,success,0.6247007846832275,0.625,0.4,0.375,0.6
3000,greedy,4107,2,आपका रिफंड अगले पाँच कार्य दिवसों में आपके खाते में जमा कर दिया जाएगा।,आपका रिफरिम जनी पांच कार्यदों में आके खाते में दमा कर दिया जाएगे।,आपका रिफंड अगले पाँच कार्य दिवसों में आपके खाते में जमा कर दिया जाएगा,आपका रिफरिम जनी पांच कार्यदों में आके खाते में दमा कर दिया जाएगे,step_3000/greedy/seed_4107/step3000_greedy_seed4107_02_refund_status.wav,success,0.6995227336883545,0.5714285714285714,0.21739130434782608,0.4285714285714286,0.782608695652174
3000,greedy,4107,3,क्या मैं आपकी किसी और सहायता कर सकता हूँ?,क्या मैं आपकी किसी और सर अता कर सक्षाँ।,क्या मैं आपकी किसी और सहायता कर सकता हूँ,क्या मैं आपकी किसी और सर अता कर सक्षाँ,step_3000/greedy/seed_4107/step3000_greedy_seed4107_03_further_assistance.wav,success,0.5130207538604736,0.4444444444444444,0.2,0.5555555555555556,0.8
3000,greedy,4107,4,धन्यवाद! आपका दिन शुभ हो।,तन्नावाद आपका दिन शारह।,धन्यवाद आपका दिन शुभ हो,तन्नावाद आपका दिन शारह,step_3000/greedy/seed_4107/step3000_greedy_seed4107_04_thank_you.wav,success,0.44986820220947266,0.6,0.30434782608695654,0.4,0.6956521739130435
3000,greedy,4107,5,कृपया अपना ऑर्डर नंबर बताइए।,करेप या अपना आबढण नंबर बदलेवय चे।,कृपया अपना ऑर्डर नंबर बताइए,करेप या अपना आबढण नंबर बदलेवय चे,step_3000/greedy/seed_4107/step3000_greedy_seed4107_05_order_number.wav,success,0.5327963829040527,1.0,0.5925925925925926,0.0,0.40740740740740744
3000,greedy,5107,1,"नमस्ते, आपका ऑर्डर सफलतापूर्वक भेज दिया गया है।",नमस्ति आपका अड़ोगर करजंकर कुब भेजी दिया गया है।,नमस्ते आपका ऑर्डर सफलतापूर्वक भेज दिया गया है,नमस्ति आपका अड़ोगर करजंकर कुब भेजी दिया गया है,step_3000/greedy/seed_5107/step3000_greedy_seed5107_01_namaste_order_sent.wav,success,0.6127738952636719,0.625,0.4,0.375,0.6
3000,greedy,5107,2,आपका रिफंड अगले पाँच कार्य दिवसों में आपके खाते में जमा कर दिया जाएगा।,आपका रिफरिम जनी पांच कार्यदों में आके खाते में दमा कर दिया जाएगे।,आपका रिफंड अगले पाँच कार्य दिवसों में आपके खाते में जमा कर दिया जाएगा,आपका रिफरिम जनी पांच कार्यदों में आके खाते में दमा कर दिया जाएगे,step_3000/greedy/seed_5107/step3000_greedy_seed5107_02_refund_status.wav,success,0.7108972072601318,0.5714285714285714,0.21739130434782608,0.4285714285714286,0.782608695652174
3000,greedy,5107,3,क्या मैं आपकी किसी और सहायता कर सकता हूँ?,क्या मैं आपकी किसी और सर अता कर सक्षाँ।,क्या मैं आपकी किसी और सहायता कर सकता हूँ,क्या मैं आपकी किसी और सर अता कर सक्षाँ,step_3000/greedy/seed_5107/step3000_greedy_seed5107_03_further_assistance.wav,success,0.5137856006622314,0.4444444444444444,0.2,0.5555555555555556,0.8
3000,greedy,5107,4,धन्यवाद! आपका दिन शुभ हो।,तन्नावाद आपका दिन शारह।,धन्यवाद आपका दिन शुभ हो,तन्नावाद आपका दिन शारह,step_3000/greedy/seed_5107/step3000_greedy_seed5107_04_thank_you.wav,success,0.4553108215332031,0.6,0.30434782608695654,0.4,0.6956521739130435
3000,greedy,5107,5,कृपया अपना ऑर्डर नंबर बताइए।,करेप या अपना आबढण नंबर बदलेवय चे।,कृपया अपना ऑर्डर नंबर बताइए,करेप या अपना आबढण नंबर बदलेवय चे,step_3000/greedy/seed_5107/step3000_greedy_seed5107_05_order_number.wav,success,0.546595573425293,1.0,0.5925925925925926,0.0,0.40740740740740744
3000,focused,3407,1,"नमस्ते, आपका ऑर्डर सफलतापूर्वक भेज दिया गया है।",नमस्ती आपका आबरुर्ड तर्ज पंदरा पुर्वग भीर दिया गया है।,नमस्ते आपका ऑर्डर सफलतापूर्वक भेज दिया गया है,नमस्ती आपका आबरुर्ड तर्ज पंदरा पुर्वग भीर दिया गया है,step_3000/focused/seed_3407/step3000_focused_seed3407_01_namaste_order_sent.wav,success,0.6581275463104248,0.75,0.4,0.25,0.6
3000,focused,3407,2,आपका रिफंड अगले पाँच कार्य दिवसों में आपके खाते में जमा कर दिया जाएगा।,आपका रेशुन धरेपामंड बनच्य कारी दोनों में आपके खाते में दमा कर दिया जाएगे।,आपका रिफंड अगले पाँच कार्य दिवसों में आपके खाते में जमा कर दिया जाएगा,आपका रेशुन धरेपामंड बनच्य कारी दोनों में आपके खाते में दमा कर दिया जाएगे,step_3000/focused/seed_3407/step3000_focused_seed3407_02_refund_status.wav,success,0.7466874122619629,0.5,0.3333333333333333,0.5,0.6666666666666667
3000,focused,3407,3,क्या मैं आपकी किसी और सहायता कर सकता हूँ?,क्या मैं आपकी किसी और से रटा कर सक्था हूँ,क्या मैं आपकी किसी और सहायता कर सकता हूँ,क्या मैं आपकी किसी और से रटा कर सक्था हूँ,step_3000/focused/seed_3407/step3000_focused_seed3407_03_further_assistance.wav,success,0.5267741680145264,0.3333333333333333,0.15,0.6666666666666667,0.85
3000,focused,3407,4,धन्यवाद! आपका दिन शुभ हो।,तन्दाद आदला दंशन रहे हैं।,धन्यवाद आपका दिन शुभ हो,तन्दाद आदला दंशन रहे हैं,step_3000/focused/seed_3407/step3000_focused_seed3407_04_thank_you.wav,success,0.4779210090637207,1.0,0.5217391304347826,0.0,0.4782608695652174
3000,focused,3407,5,कृपया अपना ऑर्डर नंबर बताइए।,कुरेप्या अपना आबर नंदर बतलाईब है।,कृपया अपना ऑर्डर नंबर बताइए,कुरेप्या अपना आबर नंदर बतलाईब है,step_3000/focused/seed_3407/step3000_focused_seed3407_05_order_number.wav,success,0.5377404689788818,1.0,0.5555555555555556,0.0,0.4444444444444444
3000,focused,4107,1,"नमस्ते, आपका ऑर्डर सफलतापूर्वक भेज दिया गया है।",नमसिरी आपका आरदर वगवस गर्जवोग भेज दिया गया है।,नमस्ते आपका ऑर्डर सफलतापूर्वक भेज दिया गया है,नमसिरी आपका आरदर वगवस गर्जवोग भेज दिया गया है,step_3000/focused/seed_4107/step3000_focused_seed4107_01_namaste_order_sent.wav,success,0.6441853046417236,0.5,0.35555555555555557,0.5,0.6444444444444444
3000,focused,4107,2,आपका रिफंड अगले पाँच कार्य दिवसों में आपके खाते में जमा कर दिया जाएगा।,आपुका रिफलर्य परचकार्य दजु में आपके खाते में दमा कर दिया जाएगी।,आपका रिफंड अगले पाँच कार्य दिवसों में आपके खाते में जमा कर दिया जाएगा,आपुका रिफलर्य परचकार्य दजु में आपके खाते में दमा कर दिया जाएगी,step_3000/focused/seed_4107/step3000_focused_seed4107_02_refund_status.wav,success,0.7253232002258301,0.5714285714285714,0.2608695652173913,0.4285714285714286,0.7391304347826086
3000,focused,4107,3,क्या मैं आपकी किसी और सहायता कर सकता हूँ?,क्या मैं पाक्ति किसी और सहश्चाइटा कर सकता हूँ।,क्या मैं आपकी किसी और सहायता कर सकता हूँ,क्या मैं पाक्ति किसी और सहश्चाइटा कर सकता हूँ,step_3000/focused/seed_4107/step3000_focused_seed4107_03_further_assistance.wav,success,0.5675232410430908,0.2222222222222222,0.25,0.7777777777777778,0.75
3000,focused,4107,4,धन्यवाद! आपका दिन शुभ हो।,"थंड़, आद, आपका दिन शेहते।",धन्यवाद आपका दिन शुभ हो,थंड़ आद आपका दिन शेहते,step_3000/focused/seed_4107/step3000_focused_seed4107_04_thank_you.wav,success,0.4710819721221924,0.8,0.4782608695652174,0.19999999999999996,0.5217391304347826
3000,focused,4107,5,कृपया अपना ऑर्डर नंबर बताइए।,करप्या टापना अरगर्न बदबेले तलेबे।,कृपया अपना ऑर्डर नंबर बताइए,करप्या टापना अरगर्न बदबेले तलेबे,step_3000/focused/seed_4107/step3000_focused_seed4107_05_order_number.wav,success,0.5225217342376709,1.0,0.7037037037037037,0.0,0.2962962962962963
3000,focused,5107,1,"नमस्ते, आपका ऑर्डर सफलतापूर्वक भेज दिया गया है।",नमसरी आपका अड़ीमन गरदांपुर वाइक भेजहे दिया गया है।,नमस्ते आपका ऑर्डर सफलतापूर्वक भेज दिया गया है,नमसरी आपका अड़ीमन गरदांपुर वाइक भेजहे दिया गया है,step_3000/focused/seed_5107/step3000_focused_seed5107_01_namaste_order_sent.wav,success,0.6403012275695801,0.625,0.4444444444444444,0.375,0.5555555555555556
3000,focused,5107,2,आपका रिफंड अगले पाँच कार्य दिवसों में आपके खाते में जमा कर दिया जाएगा।,अपका रिफन अन्नाई पांचर कार्यों दुम्याब के खाते में जबा कर दिया दिया जीजी।,आपका रिफंड अगले पाँच कार्य दिवसों में आपके खाते में जमा कर दिया जाएगा,अपका रिफन अन्नाई पांचर कार्यों दुम्याब के खाते में जबा कर दिया दिया जीजी,step_3000/focused/seed_5107/step3000_focused_seed5107_02_refund_status.wav,success,0.747178316116333,0.7857142857142857,0.4492753623188406,0.2142857142857143,0.5507246376811594
3000,focused,5107,3,क्या मैं आपकी किसी और सहायता कर सकता हूँ?,क्या मैप की किसी और सर्ष्योर अकर सकता हूँ,क्या मैं आपकी किसी और सहायता कर सकता हूँ,क्या मैप की किसी और सर्ष्योर अकर सकता हूँ,step_3000/focused/seed_5107/step3000_focused_seed5107_03_further_assistance.wav,success,0.5171549320220947,0.4444444444444444,0.25,0.5555555555555556,0.75
3000,focused,5107,4,धन्यवाद! आपका दिन शुभ हो।,"थना आद, आधा दिन्शाल है।",धन्यवाद आपका दिन शुभ हो,थना आद आधा दिन्शाल है,step_3000/focused/seed_5107/step3000_focused_seed5107_04_thank_you.wav,success,0.44608283042907715,1.0,0.4782608695652174,0.0,0.5217391304347826
3000,focused,5107,5,कृपया अपना ऑर्डर नंबर बताइए।,कुरिय प्यात अपना और दरण बर बेलिये।,कृपया अपना ऑर्डर नंबर बताइए,कुरिय प्यात अपना और दरण बर बेलिये,step_3000/focused/seed_5107/step3000_focused_seed5107_05_order_number.wav,success,0.513695240020752,1.2,0.6666666666666666,0.0,0.33333333333333337
3000,moderate,3407,1,"नमस्ते, आपका ऑर्डर सफलतापूर्वक भेज दिया गया है।",नमस्ती आई ठर बेडरनग गर्मान जल्लुक बीजे दिया गया है।,नमस्ते आपका ऑर्डर सफलतापूर्वक भेज दिया गया है,नमस्ती आई ठर बेडरनग गर्मान जल्लुक बीजे दिया गया है,step_3000/moderate/seed_3407/step3000_moderate_seed3407_01_namaste_order_sent.wav,success,0.6296827793121338,0.875,0.5111111111111111,0.125,0.48888888888888893
3000,moderate,3407,2,आपका रिफंड अगले पाँच कार्य दिवसों में आपके खाते में जमा कर दिया जाएगा।,आपका रेवन डन अपने पांच कार्य दन्नों में आपके खाते में दमा कर दिया जाईज खबर,आपका रिफंड अगले पाँच कार्य दिवसों में आपके खाते में जमा कर दिया जाएगा,आपका रेवन डन अपने पांच कार्य दन्नों में आपके खाते में दमा कर दिया जाईज खबर,step_3000/moderate/seed_3407/step3000_moderate_seed3407_02_refund_status.wav,success,0.7600908279418945,0.5714285714285714,0.2608695652173913,0.4285714285714286,0.7391304347826086
3000,moderate,3407,3,क्या मैं आपकी किसी और सहायता कर सकता हूँ?,क्या मैं आपकी किसी और सरहाय सर कर सकता हूँ।,क्या मैं आपकी किसी और सहायता कर सकता हूँ,क्या मैं आपकी किसी और सरहाय सर कर सकता हूँ,step_3000/moderate/seed_3407/step3000_moderate_seed3407_03_further_assistance.wav,success,0.5194623470306396,0.2222222222222222,0.1,0.7777777777777778,0.9
3000,moderate,3407,4,धन्यवाद! आपका दिन शुभ हो।,तन नमाद आपका दिन शायक खे,धन्यवाद आपका दिन शुभ हो,तन नमाद आपका दिन शायक खे,step_3000/moderate/seed_3407/step3000_moderate_seed3407_04_thank_you.wav,success,0.4487016201019287,0.8,0.391304347826087,0.19999999999999996,0.6086956521739131
3000,moderate,3407,5,कृपया अपना ऑर्डर नंबर बताइए।,कुरेपिया अपना टंडम बढ़ दे लेते।,कृपया अपना ऑर्डर नंबर बताइए,कुरेपिया अपना टंडम बढ़ दे लेते,step_3000/moderate/seed_3407/step3000_moderate_seed3407_05_order_number.wav,success,0.5163533687591553,1.0,0.7037037037037037,0.0,0.2962962962962963
3000,moderate,4107,1,"नमस्ते, आपका ऑर्डर सफलतापूर्वक भेज दिया गया है।",नमस्ती आपका आवर्ड हर कर्द वैगबच वगहीत दिया गया है।,नमस्ते आपका ऑर्डर सफलतापूर्वक भेज दिया गया है,नमस्ती आपका आवर्ड हर कर्द वैगबच वगहीत दिया गया है,step_3000/moderate/seed_4107/step3000_moderate_seed4107_01_namaste_order_sent.wav,success,0.6282520294189453,0.75,0.4666666666666667,0.25,0.5333333333333333
3000,moderate,4107,2,आपका रिफंड अगले पाँच कार्य दिवसों में आपके खाते में जमा कर दिया जाएगा।,आपका रिफ्यम बरणहरी पांच कारिय दजों में प्रिक हाते में दवा कर दिया जे जैन जहे,आपका रिफंड अगले पाँच कार्य दिवसों में आपके खाते में जमा कर दिया जाएगा,आपका रिफ्यम बरणहरी पांच कारिय दजों में प्रिक हाते में दवा कर दिया जे जैन जहे,step_3000/moderate/seed_4107/step3000_moderate_seed4107_02_refund_status.wav,success,0.8138883113861084,0.7857142857142857,0.4492753623188406,0.2142857142857143,0.5507246376811594
3000,moderate,4107,3,क्या मैं आपकी किसी और सहायता कर सकता हूँ?,क्या मैं मैं पकी किसी और सरशाहता कर सकता हूँ।,क्या मैं आपकी किसी और सहायता कर सकता हूँ,क्या मैं मैं पकी किसी और सरशाहता कर सकता हूँ,step_3000/moderate/seed_4107/step3000_moderate_seed4107_03_further_assistance.wav,success,0.5447361469268799,0.3333333333333333,0.175,0.6666666666666667,0.825
3000,moderate,4107,4,धन्यवाद! आपका दिन शुभ हो।,धन्नापा क्या नाई जहेंड शायद है।,धन्यवाद आपका दिन शुभ हो,धन्नापा क्या नाई जहेंड शायद है,step_3000/moderate/seed_4107/step3000_moderate_seed4107_04_thank_you.wav,success,0.5015754699707031,1.2,0.8695652173913043,0.0,0.13043478260869568
3000,moderate,4107,5,कृपया अपना ऑर्डर नंबर बताइए।,करप्या पेंटा अपना अदबर नमबर लेपे।,कृपया अपना ऑर्डर नंबर बताइए,करप्या पेंटा अपना अदबर नमबर लेपे,step_3000/moderate/seed_4107/step3000_moderate_seed4107_05_order_number.wav,success,0.5333740711212158,1.0,0.6666666666666666,0.0,0.33333333333333337
3000,moderate,5107,1,"नमस्ते, आपका ऑर्डर सफलतापूर्वक भेज दिया गया है।",नमस्ति आएकसान संपन प्रहकर्श कर्चक फोर्वक भेट दिया गया है।,नमस्ते आपका ऑर्डर सफलतापूर्वक भेज दिया गया है,नमस्ति आएकसान संपन प्रहकर्श कर्चक फोर्वक भेट दिया गया है,step_3000/moderate/seed_5107/step3000_moderate_seed5107_01_namaste_order_sent.wav,success,0.6672098636627197,0.875,0.5333333333333333,0.125,0.4666666666666667
3000,moderate,5107,2,आपका रिफंड अगले पाँच कार्य दिवसों में आपके खाते में जमा कर दिया जाएगा।,आपका रिफिनलंज ले पांच कारिदो में आपके खटे में दमा कर दिया जे आईगी।,आपका रिफंड अगले पाँच कार्य दिवसों में आपके खाते में जमा कर दिया जाएगा,आपका रिफिनलंज ले पांच कारिदो में आपके खटे में दमा कर दिया जे आईगी,step_3000/moderate/seed_5107/step3000_moderate_seed5107_02_refund_status.wav,success,0.7266731262207031,0.6428571428571429,0.3188405797101449,0.3571428571428571,0.6811594202898551
3000,moderate,5107,3,क्या मैं आपकी किसी और सहायता कर सकता हूँ?,क्या मैप की किसी और से अठा कर सकना हूँ,क्या मैं आपकी किसी और सहायता कर सकता हूँ,क्या मैप की किसी और से अठा कर सकना हूँ,step_3000/moderate/seed_5107/step3000_moderate_seed5107_03_further_assistance.wav,success,0.5014228820800781,0.5555555555555556,0.2,0.4444444444444444,0.8
3000,moderate,5107,4,धन्यवाद! आपका दिन शुभ हो।,धन्ठायत आद्धम्शमन्द शैषद,धन्यवाद आपका दिन शुभ हो,धन्ठायत आद्धम्शमन्द शैषद,step_3000/moderate/seed_5107/step3000_moderate_seed5107_04_thank_you.wav,success,0.4859907627105713,1.0,0.782608695652174,0.0,0.21739130434782605
3000,moderate,5107,5,कृपया अपना ऑर्डर नंबर बताइए।,कुरी प्रियाप अपना अर्बर नमर बलाई,कृपया अपना ऑर्डर नंबर बताइए,कुरी प्रियाप अपना अर्बर नमर बलाई,step_3000/moderate/seed_5107/step3000_moderate_seed5107_05_order_number.wav,success,0.513568639755249,1.0,0.5555555555555556,0.0,0.4444444444444444
